/*
SQLyog Ultimate v11.24 (32 bit)
MySQL - 5.7.10-log : Database - its
*********************************************************************
*/

/*!40101 SET NAMES utf8 */;

/*!40101 SET SQL_MODE=''*/;

/*!40014 SET @OLD_UNIQUE_CHECKS=@@UNIQUE_CHECKS, UNIQUE_CHECKS=0 */;
/*!40014 SET @OLD_FOREIGN_KEY_CHECKS=@@FOREIGN_KEY_CHECKS, FOREIGN_KEY_CHECKS=0 */;
/*!40101 SET @OLD_SQL_MODE=@@SQL_MODE, SQL_MODE='NO_AUTO_VALUE_ON_ZERO' */;
/*!40111 SET @OLD_SQL_NOTES=@@SQL_NOTES, SQL_NOTES=0 */;
CREATE DATABASE /*!32312 IF NOT EXISTS*/`its` /*!40100 DEFAULT CHARACTER SET utf8 COLLATE utf8_bin */;

USE `its`;

/*Table structure for table `OpenRoad` */

DROP TABLE IF EXISTS `OpenRoad`;

CREATE TABLE `OpenRoad` (
  `id` bigint(20) NOT NULL AUTO_INCREMENT,
  `direction` int(11) NOT NULL,
  `number` int(11) NOT NULL,
  `road` bigint(20) NOT NULL,
  `standardArea` bigint(20) NOT NULL,
  PRIMARY KEY (`id`),
  KEY `road_fk` (`road`),
  KEY `open_area_fk` (`standardArea`),
  CONSTRAINT `open_area_fk` FOREIGN KEY (`standardArea`) REFERENCES `StandardArea` (`id`),
  CONSTRAINT `road_fk` FOREIGN KEY (`road`) REFERENCES `StandardRoad` (`id`)
) ENGINE=InnoDB DEFAULT CHARSET=utf8 COLLATE=utf8_bin;

/*Data for the table `OpenRoad` */

/*Table structure for table `StandardArea` */

DROP TABLE IF EXISTS `StandardArea`;

CREATE TABLE `StandardArea` (
  `id` bigint(20) NOT NULL AUTO_INCREMENT,
  `name` char(100) COLLATE utf8_bin NOT NULL,
  `ip` char(100) COLLATE utf8_bin NOT NULL,
  `port` int(11) NOT NULL,
  `width` double NOT NULL,
  `length` double NOT NULL,
  `roadNum` int(11) NOT NULL,
  `crossNum` int(11) NOT NULL,
  `lightNum` int(11) NOT NULL,
  PRIMARY KEY (`id`)
) ENGINE=InnoDB AUTO_INCREMENT=35 DEFAULT CHARSET=utf8 COLLATE=utf8_bin;

/*Data for the table `StandardArea` */

insert  into `StandardArea`(`id`,`name`,`ip`,`port`,`width`,`length`,`roadNum`,`crossNum`,`lightNum`) values (34,'一号区域','192.168.88.131',12200,13953.488372093021,13953.488372093021,180,25,100);

/*Table structure for table `StandardCar` */

DROP TABLE IF EXISTS `StandardCar`;

CREATE TABLE `StandardCar` (
  `id` bigint(20) NOT NULL AUTO_INCREMENT,
  `image` varchar(255) COLLATE utf8_bin DEFAULT NULL,
  `standardRoute` bigint(20) DEFAULT NULL,
  PRIMARY KEY (`id`),
  KEY `car_route_fk` (`standardRoute`),
  CONSTRAINT `car_route_fk` FOREIGN KEY (`standardRoute`) REFERENCES `StandardRoute` (`id`)
) ENGINE=InnoDB DEFAULT CHARSET=utf8 COLLATE=utf8_bin;

/*Data for the table `StandardCar` */

/*Table structure for table `StandardCross` */

DROP TABLE IF EXISTS `StandardCross`;

CREATE TABLE `StandardCross` (
  `id` bigint(20) NOT NULL AUTO_INCREMENT,
  `horizontalNum` int(11) DEFAULT NULL,
  `ordinateNum` int(11) DEFAULT NULL,
  `standardArea` bigint(20) NOT NULL,
  PRIMARY KEY (`id`),
  KEY `cross_area_fk` (`standardArea`),
  CONSTRAINT `cross_area_fk` FOREIGN KEY (`standardArea`) REFERENCES `StandardArea` (`id`)
) ENGINE=InnoDB AUTO_INCREMENT=2309 DEFAULT CHARSET=utf8 COLLATE=utf8_bin;

/*Data for the table `StandardCross` */

insert  into `StandardCross`(`id`,`horizontalNum`,`ordinateNum`,`standardArea`) values (2284,1,1,34),(2285,2,1,34),(2286,3,1,34),(2287,4,1,34),(2288,5,1,34),(2289,1,2,34),(2290,2,2,34),(2291,3,2,34),(2292,4,2,34),(2293,5,2,34),(2294,1,3,34),(2295,2,3,34),(2296,3,3,34),(2297,4,3,34),(2298,5,3,34),(2299,1,4,34),(2300,2,4,34),(2301,3,4,34),(2302,4,4,34),(2303,5,4,34),(2304,1,5,34),(2305,2,5,34),(2306,3,5,34),(2307,4,5,34),(2308,5,5,34);

/*Table structure for table `StandardLane` */

DROP TABLE IF EXISTS `StandardLane`;

CREATE TABLE `StandardLane` (
  `id` bigint(20) NOT NULL AUTO_INCREMENT,
  `realityLength` double DEFAULT NULL,
  `realityWidth` double DEFAULT NULL,
  `number` int(11) DEFAULT NULL,
  `standardRoad` bigint(20) DEFAULT NULL,
  PRIMARY KEY (`id`),
  KEY `lane_road_fk` (`standardRoad`),
  CONSTRAINT `lane_road_fk` FOREIGN KEY (`standardRoad`) REFERENCES `StandardRoad` (`id`)
) ENGINE=InnoDB AUTO_INCREMENT=2086 DEFAULT CHARSET=utf8 COLLATE=utf8_bin;

/*Data for the table `StandardLane` */

insert  into `StandardLane`(`id`,`realityLength`,`realityWidth`,`number`,`standardRoad`) values (1726,100000,150,-3,1251),(1727,100000,150,-2,1251),(1728,100000,150,-1,1251),(1729,100000,150,1,1251),(1730,100000,150,2,1251),(1731,100000,150,3,1251),(1732,100000,150,-3,1252),(1733,100000,150,-2,1252),(1734,100000,150,-1,1252),(1735,100000,150,1,1252),(1736,100000,150,2,1252),(1737,100000,150,3,1252),(1738,100000,150,-3,1253),(1739,100000,150,-2,1253),(1740,100000,150,-1,1253),(1741,100000,150,1,1253),(1742,100000,150,2,1253),(1743,100000,150,3,1253),(1744,100000,150,-3,1254),(1745,100000,150,-2,1254),(1746,100000,150,-1,1254),(1747,100000,150,1,1254),(1748,100000,150,2,1254),(1749,100000,150,3,1254),(1750,100000,150,-3,1255),(1751,100000,150,-2,1255),(1752,100000,150,-1,1255),(1753,100000,150,1,1255),(1754,100000,150,2,1255),(1755,100000,150,3,1255),(1756,100000,150,-3,1256),(1757,100000,150,-2,1256),(1758,100000,150,-1,1256),(1759,100000,150,1,1256),(1760,100000,150,2,1256),(1761,100000,150,3,1256),(1762,100000,150,-3,1257),(1763,100000,150,-2,1257),(1764,100000,150,-1,1257),(1765,100000,150,1,1257),(1766,100000,150,2,1257),(1767,100000,150,3,1257),(1768,100000,150,-3,1258),(1769,100000,150,-2,1258),(1770,100000,150,-1,1258),(1771,100000,150,1,1258),(1772,100000,150,2,1258),(1773,100000,150,3,1258),(1774,100000,150,-3,1259),(1775,100000,150,-2,1259),(1776,100000,150,-1,1259),(1777,100000,150,1,1259),(1778,100000,150,2,1259),(1779,100000,150,3,1259),(1780,100000,150,-3,1260),(1781,100000,150,-2,1260),(1782,100000,150,-1,1260),(1783,100000,150,1,1260),(1784,100000,150,2,1260),(1785,100000,150,3,1260),(1786,100000,150,-3,1261),(1787,100000,150,-2,1261),(1788,100000,150,-1,1261),(1789,100000,150,1,1261),(1790,100000,150,2,1261),(1791,100000,150,3,1261),(1792,100000,150,-3,1262),(1793,100000,150,-2,1262),(1794,100000,150,-1,1262),(1795,100000,150,1,1262),(1796,100000,150,2,1262),(1797,100000,150,3,1262),(1798,100000,150,-3,1263),(1799,100000,150,-2,1263),(1800,100000,150,-1,1263),(1801,100000,150,1,1263),(1802,100000,150,2,1263),(1803,100000,150,3,1263),(1804,100000,150,-3,1264),(1805,100000,150,-2,1264),(1806,100000,150,-1,1264),(1807,100000,150,1,1264),(1808,100000,150,2,1264),(1809,100000,150,3,1264),(1810,100000,150,-3,1265),(1811,100000,150,-2,1265),(1812,100000,150,-1,1265),(1813,100000,150,1,1265),(1814,100000,150,2,1265),(1815,100000,150,3,1265),(1816,100000,150,-3,1266),(1817,100000,150,-2,1266),(1818,100000,150,-1,1266),(1819,100000,150,1,1266),(1820,100000,150,2,1266),(1821,100000,150,3,1266),(1822,100000,150,-3,1267),(1823,100000,150,-2,1267),(1824,100000,150,-1,1267),(1825,100000,150,1,1267),(1826,100000,150,2,1267),(1827,100000,150,3,1267),(1828,100000,150,-3,1268),(1829,100000,150,-2,1268),(1830,100000,150,-1,1268),(1831,100000,150,1,1268),(1832,100000,150,2,1268),(1833,100000,150,3,1268),(1834,100000,150,-3,1269),(1835,100000,150,-2,1269),(1836,100000,150,-1,1269),(1837,100000,150,1,1269),(1838,100000,150,2,1269),(1839,100000,150,3,1269),(1840,100000,150,-3,1270),(1841,100000,150,-2,1270),(1842,100000,150,-1,1270),(1843,100000,150,1,1270),(1844,100000,150,2,1270),(1845,100000,150,3,1270),(1846,100000,150,-3,1271),(1847,100000,150,-2,1271),(1848,100000,150,-1,1271),(1849,100000,150,1,1271),(1850,100000,150,2,1271),(1851,100000,150,3,1271),(1852,100000,150,-3,1272),(1853,100000,150,-2,1272),(1854,100000,150,-1,1272),(1855,100000,150,1,1272),(1856,100000,150,2,1272),(1857,100000,150,3,1272),(1858,100000,150,-3,1273),(1859,100000,150,-2,1273),(1860,100000,150,-1,1273),(1861,100000,150,1,1273),(1862,100000,150,2,1273),(1863,100000,150,3,1273),(1864,100000,150,-3,1274),(1865,100000,150,-2,1274),(1866,100000,150,-1,1274),(1867,100000,150,1,1274),(1868,100000,150,2,1274),(1869,100000,150,3,1274),(1870,100000,150,-3,1275),(1871,100000,150,-2,1275),(1872,100000,150,-1,1275),(1873,100000,150,1,1275),(1874,100000,150,2,1275),(1875,100000,150,3,1275),(1876,100000,150,-3,1276),(1877,100000,150,-2,1276),(1878,100000,150,-1,1276),(1879,100000,150,1,1276),(1880,100000,150,2,1276),(1881,100000,150,3,1276),(1882,100000,150,-3,1277),(1883,100000,150,-2,1277),(1884,100000,150,-1,1277),(1885,100000,150,1,1277),(1886,100000,150,2,1277),(1887,100000,150,3,1277),(1888,100000,150,-3,1278),(1889,100000,150,-2,1278),(1890,100000,150,-1,1278),(1891,100000,150,1,1278),(1892,100000,150,2,1278),(1893,100000,150,3,1278),(1894,100000,150,-3,1279),(1895,100000,150,-2,1279),(1896,100000,150,-1,1279),(1897,100000,150,1,1279),(1898,100000,150,2,1279),(1899,100000,150,3,1279),(1900,100000,150,-3,1280),(1901,100000,150,-2,1280),(1902,100000,150,-1,1280),(1903,100000,150,1,1280),(1904,100000,150,2,1280),(1905,100000,150,3,1280),(1906,100000,150,-3,1281),(1907,100000,150,-2,1281),(1908,100000,150,-1,1281),(1909,100000,150,1,1281),(1910,100000,150,2,1281),(1911,100000,150,3,1281),(1912,100000,150,-3,1282),(1913,100000,150,-2,1282),(1914,100000,150,-1,1282),(1915,100000,150,1,1282),(1916,100000,150,2,1282),(1917,100000,150,3,1282),(1918,100000,150,-3,1283),(1919,100000,150,-2,1283),(1920,100000,150,-1,1283),(1921,100000,150,1,1283),(1922,100000,150,2,1283),(1923,100000,150,3,1283),(1924,100000,150,-3,1284),(1925,100000,150,-2,1284),(1926,100000,150,-1,1284),(1927,100000,150,1,1284),(1928,100000,150,2,1284),(1929,100000,150,3,1284),(1930,100000,150,-3,1285),(1931,100000,150,-2,1285),(1932,100000,150,-1,1285),(1933,100000,150,1,1285),(1934,100000,150,2,1285),(1935,100000,150,3,1285),(1936,100000,150,-3,1286),(1937,100000,150,-2,1286),(1938,100000,150,-1,1286),(1939,100000,150,1,1286),(1940,100000,150,2,1286),(1941,100000,150,3,1286),(1942,100000,150,-3,1287),(1943,100000,150,-2,1287),(1944,100000,150,-1,1287),(1945,100000,150,1,1287),(1946,100000,150,2,1287),(1947,100000,150,3,1287),(1948,100000,150,-3,1288),(1949,100000,150,-2,1288),(1950,100000,150,-1,1288),(1951,100000,150,1,1288),(1952,100000,150,2,1288),(1953,100000,150,3,1288),(1954,100000,150,-3,1289),(1955,100000,150,-2,1289),(1956,100000,150,-1,1289),(1957,100000,150,1,1289),(1958,100000,150,2,1289),(1959,100000,150,3,1289),(1960,100000,150,-3,1290),(1961,100000,150,-2,1290),(1962,100000,150,-1,1290),(1963,100000,150,1,1290),(1964,100000,150,2,1290),(1965,100000,150,3,1290),(1966,100000,150,-3,1291),(1967,100000,150,-2,1291),(1968,100000,150,-1,1291),(1969,100000,150,1,1291),(1970,100000,150,2,1291),(1971,100000,150,3,1291),(1972,100000,150,-3,1292),(1973,100000,150,-2,1292),(1974,100000,150,-1,1292),(1975,100000,150,1,1292),(1976,100000,150,2,1292),(1977,100000,150,3,1292),(1978,100000,150,-3,1293),(1979,100000,150,-2,1293),(1980,100000,150,-1,1293),(1981,100000,150,1,1293),(1982,100000,150,2,1293),(1983,100000,150,3,1293),(1984,100000,150,-3,1294),(1985,100000,150,-2,1294),(1986,100000,150,-1,1294),(1987,100000,150,1,1294),(1988,100000,150,2,1294),(1989,100000,150,3,1294),(1990,100000,150,-3,1295),(1991,100000,150,-2,1295),(1992,100000,150,-1,1295),(1993,100000,150,1,1295),(1994,100000,150,2,1295),(1995,100000,150,3,1295),(1996,100000,150,-3,1296),(1997,100000,150,-2,1296),(1998,100000,150,-1,1296),(1999,100000,150,1,1296),(2000,100000,150,2,1296),(2001,100000,150,3,1296),(2002,100000,150,-3,1297),(2003,100000,150,-2,1297),(2004,100000,150,-1,1297),(2005,100000,150,1,1297),(2006,100000,150,2,1297),(2007,100000,150,3,1297),(2008,100000,150,-3,1298),(2009,100000,150,-2,1298),(2010,100000,150,-1,1298),(2011,100000,150,1,1298),(2012,100000,150,2,1298),(2013,100000,150,3,1298),(2014,100000,150,-3,1299),(2015,100000,150,-2,1299),(2016,100000,150,-1,1299),(2017,100000,150,1,1299),(2018,100000,150,2,1299),(2019,100000,150,3,1299),(2020,100000,150,-3,1300),(2021,100000,150,-2,1300),(2022,100000,150,-1,1300),(2023,100000,150,1,1300),(2024,100000,150,2,1300),(2025,100000,150,3,1300),(2026,100000,150,-3,1301),(2027,100000,150,-2,1301),(2028,100000,150,-1,1301),(2029,100000,150,1,1301),(2030,100000,150,2,1301),(2031,100000,150,3,1301),(2032,100000,150,-3,1302),(2033,100000,150,-2,1302),(2034,100000,150,-1,1302),(2035,100000,150,1,1302),(2036,100000,150,2,1302),(2037,100000,150,3,1302),(2038,100000,150,-3,1303),(2039,100000,150,-2,1303),(2040,100000,150,-1,1303),(2041,100000,150,1,1303),(2042,100000,150,2,1303),(2043,100000,150,3,1303),(2044,100000,150,-3,1304),(2045,100000,150,-2,1304),(2046,100000,150,-1,1304),(2047,100000,150,1,1304),(2048,100000,150,2,1304),(2049,100000,150,3,1304),(2050,100000,150,-3,1305),(2051,100000,150,-2,1305),(2052,100000,150,-1,1305),(2053,100000,150,1,1305),(2054,100000,150,2,1305),(2055,100000,150,3,1305),(2056,100000,150,-3,1306),(2057,100000,150,-2,1306),(2058,100000,150,-1,1306),(2059,100000,150,1,1306),(2060,100000,150,2,1306),(2061,100000,150,3,1306),(2062,100000,150,-3,1307),(2063,100000,150,-2,1307),(2064,100000,150,-1,1307),(2065,100000,150,1,1307),(2066,100000,150,2,1307),(2067,100000,150,3,1307),(2068,100000,150,-3,1308),(2069,100000,150,-2,1308),(2070,100000,150,-1,1308),(2071,100000,150,1,1308),(2072,100000,150,2,1308),(2073,100000,150,3,1308),(2074,100000,150,-3,1309),(2075,100000,150,-2,1309),(2076,100000,150,-1,1309),(2077,100000,150,1,1309),(2078,100000,150,2,1309),(2079,100000,150,3,1309),(2080,100000,150,-3,1310),(2081,100000,150,-2,1310),(2082,100000,150,-1,1310),(2083,100000,150,1,1310),(2084,100000,150,2,1310),(2085,100000,150,3,1310);

/*Table structure for table `StandardLight` */

DROP TABLE IF EXISTS `StandardLight`;

CREATE TABLE `StandardLight` (
  `id` bigint(20) NOT NULL AUTO_INCREMENT,
  `size` double DEFAULT NULL,
  `lightState` int(11) DEFAULT NULL,
  `centerX` double DEFAULT NULL,
  `centerY` double DEFAULT NULL,
  `red` double DEFAULT NULL,
  `green` double DEFAULT NULL,
  `standardCross` bigint(20) DEFAULT NULL,
  `direction` int(11) DEFAULT NULL,
  PRIMARY KEY (`id`),
  KEY `light_cross_fk` (`standardCross`),
  CONSTRAINT `light_cross_fk` FOREIGN KEY (`standardCross`) REFERENCES `StandardCross` (`id`)
) ENGINE=InnoDB AUTO_INCREMENT=100560 DEFAULT CHARSET=utf8 COLLATE=utf8_bin;

/*Data for the table `StandardLight` */

insert  into `StandardLight`(`id`,`size`,`lightState`,`centerX`,`centerY`,`red`,`green`,`standardCross`,`direction`) values (100460,6.976744186046512,0,2325.581395348837,2315.116279069767,60000,30000,2284,1),(100461,6.976744186046512,1,2325.581395348837,2336.0465116279065,60000,30000,2284,2),(100462,6.976744186046512,0,2315.116279069767,2325.581395348837,60000,30000,2284,3),(100463,6.976744186046512,1,2336.0465116279065,2325.581395348837,60000,30000,2284,4),(100464,6.976744186046512,0,4651.162790697674,2315.116279069767,60000,30000,2285,1),(100465,6.976744186046512,1,4651.162790697674,2336.0465116279065,60000,30000,2285,2),(100466,6.976744186046512,0,4640.697674418604,2325.581395348837,60000,30000,2285,3),(100467,6.976744186046512,1,4661.627906976743,2325.581395348837,60000,30000,2285,4),(100468,6.976744186046512,0,6976.744186046511,2315.116279069767,60000,30000,2286,1),(100469,6.976744186046512,1,6976.744186046511,2336.0465116279065,60000,30000,2286,2),(100470,6.976744186046512,0,6966.279069767441,2325.581395348837,60000,30000,2286,3),(100471,6.976744186046512,1,6987.20930232558,2325.581395348837,60000,30000,2286,4),(100472,6.976744186046512,0,9302.325581395347,2315.116279069767,60000,30000,2287,1),(100473,6.976744186046512,1,9302.325581395347,2336.0465116279065,60000,30000,2287,2),(100474,6.976744186046512,0,9291.860465116277,2325.581395348837,60000,30000,2287,3),(100475,6.976744186046512,1,9312.790697674418,2325.581395348837,60000,30000,2287,4),(100476,6.976744186046512,0,11627.906976744183,2315.116279069767,60000,30000,2288,1),(100477,6.976744186046512,1,11627.906976744183,2336.0465116279065,60000,30000,2288,2),(100478,6.976744186046512,0,11617.441860465113,2325.581395348837,60000,30000,2288,3),(100479,6.976744186046512,1,11638.372093023254,2325.581395348837,60000,30000,2288,4),(100480,6.976744186046512,0,2325.581395348837,4640.697674418604,60000,30000,2289,1),(100481,6.976744186046512,1,2325.581395348837,4661.627906976743,60000,30000,2289,2),(100482,6.976744186046512,0,2315.116279069767,4651.162790697674,60000,30000,2289,3),(100483,6.976744186046512,1,2336.0465116279065,4651.162790697674,60000,30000,2289,4),(100484,6.976744186046512,0,4651.162790697674,4640.697674418604,60000,30000,2290,1),(100485,6.976744186046512,1,4651.162790697674,4661.627906976743,60000,30000,2290,2),(100486,6.976744186046512,0,4640.697674418604,4651.162790697674,60000,30000,2290,3),(100487,6.976744186046512,1,4661.627906976743,4651.162790697674,60000,30000,2290,4),(100488,6.976744186046512,0,6976.744186046511,4640.697674418604,60000,30000,2291,1),(100489,6.976744186046512,1,6976.744186046511,4661.627906976743,60000,30000,2291,2),(100490,6.976744186046512,0,6966.279069767441,4651.162790697674,60000,30000,2291,3),(100491,6.976744186046512,1,6987.20930232558,4651.162790697674,60000,30000,2291,4),(100492,6.976744186046512,0,9302.325581395347,4640.697674418604,60000,30000,2292,1),(100493,6.976744186046512,1,9302.325581395347,4661.627906976743,60000,30000,2292,2),(100494,6.976744186046512,0,9291.860465116277,4651.162790697674,60000,30000,2292,3),(100495,6.976744186046512,1,9312.790697674418,4651.162790697674,60000,30000,2292,4),(100496,6.976744186046512,0,11627.906976744183,4640.697674418604,60000,30000,2293,1),(100497,6.976744186046512,1,11627.906976744183,4661.627906976743,60000,30000,2293,2),(100498,6.976744186046512,0,11617.441860465113,4651.162790697674,60000,30000,2293,3),(100499,6.976744186046512,1,11638.372093023254,4651.162790697674,60000,30000,2293,4),(100500,6.976744186046512,0,2325.581395348837,6966.279069767441,60000,30000,2294,1),(100501,6.976744186046512,1,2325.581395348837,6987.20930232558,60000,30000,2294,2),(100502,6.976744186046512,0,2315.116279069767,6976.744186046511,60000,30000,2294,3),(100503,6.976744186046512,1,2336.0465116279065,6976.744186046511,60000,30000,2294,4),(100504,6.976744186046512,0,4651.162790697674,6966.279069767441,60000,30000,2295,1),(100505,6.976744186046512,1,4651.162790697674,6987.20930232558,60000,30000,2295,2),(100506,6.976744186046512,0,4640.697674418604,6976.744186046511,60000,30000,2295,3),(100507,6.976744186046512,1,4661.627906976743,6976.744186046511,60000,30000,2295,4),(100508,6.976744186046512,0,6976.744186046511,6966.279069767441,60000,30000,2296,1),(100509,6.976744186046512,1,6976.744186046511,6987.20930232558,60000,30000,2296,2),(100510,6.976744186046512,0,6966.279069767441,6976.744186046511,60000,30000,2296,3),(100511,6.976744186046512,1,6987.20930232558,6976.744186046511,60000,30000,2296,4),(100512,6.976744186046512,0,9302.325581395347,6966.279069767441,60000,30000,2297,1),(100513,6.976744186046512,1,9302.325581395347,6987.20930232558,60000,30000,2297,2),(100514,6.976744186046512,0,9291.860465116277,6976.744186046511,60000,30000,2297,3),(100515,6.976744186046512,1,9312.790697674418,6976.744186046511,60000,30000,2297,4),(100516,6.976744186046512,0,11627.906976744183,6966.279069767441,60000,30000,2298,1),(100517,6.976744186046512,1,11627.906976744183,6987.20930232558,60000,30000,2298,2),(100518,6.976744186046512,0,11617.441860465113,6976.744186046511,60000,30000,2298,3),(100519,6.976744186046512,1,11638.372093023254,6976.744186046511,60000,30000,2298,4),(100520,6.976744186046512,0,2325.581395348837,9291.860465116277,60000,30000,2299,1),(100521,6.976744186046512,1,2325.581395348837,9312.790697674418,60000,30000,2299,2),(100522,6.976744186046512,0,2315.116279069767,9302.325581395347,60000,30000,2299,3),(100523,6.976744186046512,1,2336.0465116279065,9302.325581395347,60000,30000,2299,4),(100524,6.976744186046512,0,4651.162790697674,9291.860465116277,60000,30000,2300,1),(100525,6.976744186046512,1,4651.162790697674,9312.790697674418,60000,30000,2300,2),(100526,6.976744186046512,0,4640.697674418604,9302.325581395347,60000,30000,2300,3),(100527,6.976744186046512,1,4661.627906976743,9302.325581395347,60000,30000,2300,4),(100528,6.976744186046512,0,6976.744186046511,9291.860465116277,60000,30000,2301,1),(100529,6.976744186046512,1,6976.744186046511,9312.790697674418,60000,30000,2301,2),(100530,6.976744186046512,0,6966.279069767441,9302.325581395347,60000,30000,2301,3),(100531,6.976744186046512,1,6987.20930232558,9302.325581395347,60000,30000,2301,4),(100532,6.976744186046512,0,9302.325581395347,9291.860465116277,60000,30000,2302,1),(100533,6.976744186046512,1,9302.325581395347,9312.790697674418,60000,30000,2302,2),(100534,6.976744186046512,0,9291.860465116277,9302.325581395347,60000,30000,2302,3),(100535,6.976744186046512,1,9312.790697674418,9302.325581395347,60000,30000,2302,4),(100536,6.976744186046512,0,11627.906976744183,9291.860465116277,60000,30000,2303,1),(100537,6.976744186046512,1,11627.906976744183,9312.790697674418,60000,30000,2303,2),(100538,6.976744186046512,0,11617.441860465113,9302.325581395347,60000,30000,2303,3),(100539,6.976744186046512,1,11638.372093023254,9302.325581395347,60000,30000,2303,4),(100540,6.976744186046512,0,2325.581395348837,11617.441860465113,60000,30000,2304,1),(100541,6.976744186046512,1,2325.581395348837,11638.372093023254,60000,30000,2304,2),(100542,6.976744186046512,0,2315.116279069767,11627.906976744183,60000,30000,2304,3),(100543,6.976744186046512,1,2336.0465116279065,11627.906976744183,60000,30000,2304,4),(100544,6.976744186046512,0,4651.162790697674,11617.441860465113,60000,30000,2305,1),(100545,6.976744186046512,1,4651.162790697674,11638.372093023254,60000,30000,2305,2),(100546,6.976744186046512,0,4640.697674418604,11627.906976744183,60000,30000,2305,3),(100547,6.976744186046512,1,4661.627906976743,11627.906976744183,60000,30000,2305,4),(100548,6.976744186046512,0,6976.744186046511,11617.441860465113,60000,30000,2306,1),(100549,6.976744186046512,1,6976.744186046511,11638.372093023254,60000,30000,2306,2),(100550,6.976744186046512,0,6966.279069767441,11627.906976744183,60000,30000,2306,3),(100551,6.976744186046512,1,6987.20930232558,11627.906976744183,60000,30000,2306,4),(100552,6.976744186046512,0,9302.325581395347,11617.441860465113,60000,30000,2307,1),(100553,6.976744186046512,1,9302.325581395347,11638.372093023254,60000,30000,2307,2),(100554,6.976744186046512,0,9291.860465116277,11627.906976744183,60000,30000,2307,3),(100555,6.976744186046512,1,9312.790697674418,11627.906976744183,60000,30000,2307,4),(100556,6.976744186046512,0,11627.906976744183,11617.441860465113,60000,30000,2308,1),(100557,6.976744186046512,1,11627.906976744183,11638.372093023254,60000,30000,2308,2),(100558,6.976744186046512,0,11617.441860465113,11627.906976744183,60000,30000,2308,3),(100559,6.976744186046512,1,11638.372093023254,11627.906976744183,60000,30000,2308,4);

/*Table structure for table `StandardRoad` */

DROP TABLE IF EXISTS `StandardRoad`;

CREATE TABLE `StandardRoad` (
  `id` bigint(20) NOT NULL AUTO_INCREMENT,
  `horizontalNum` int(11) NOT NULL,
  `ordinateNum` int(11) NOT NULL,
  `horizontal` bit(1) NOT NULL,
  `open` bit(1) NOT NULL,
  `realityLength` double DEFAULT NULL,
  `oneCross` bigint(20) DEFAULT NULL,
  `otherCross` bigint(20) DEFAULT NULL,
  PRIMARY KEY (`id`),
  KEY `road_onecross` (`oneCross`),
  KEY `road_othercross` (`otherCross`),
  CONSTRAINT `road_onecross` FOREIGN KEY (`oneCross`) REFERENCES `StandardCross` (`id`),
  CONSTRAINT `road_othercross` FOREIGN KEY (`otherCross`) REFERENCES `StandardCross` (`id`)
) ENGINE=InnoDB AUTO_INCREMENT=1311 DEFAULT CHARSET=utf8 COLLATE=utf8_bin;

/*Data for the table `StandardRoad` */

insert  into `StandardRoad`(`id`,`horizontalNum`,`ordinateNum`,`horizontal`,`open`,`realityLength`,`oneCross`,`otherCross`) values (1251,1,1,'','',100000,NULL,2284),(1252,1,1,'\0','',100000,NULL,2284),(1253,2,1,'','\0',100000,2284,2285),(1254,2,1,'\0','',100000,NULL,2285),(1255,3,1,'','\0',100000,2285,2286),(1256,3,1,'\0','',100000,NULL,2286),(1257,4,1,'','\0',100000,2286,2287),(1258,4,1,'\0','',100000,NULL,2287),(1259,5,1,'','\0',100000,2287,2288),(1260,6,1,'','',100000,2288,NULL),(1261,5,1,'\0','',100000,NULL,2288),(1262,1,2,'','',100000,NULL,2289),(1263,1,2,'\0','\0',100000,2284,2289),(1264,2,2,'','\0',100000,2289,2290),(1265,2,2,'\0','\0',100000,2285,2290),(1266,3,2,'','\0',100000,2290,2291),(1267,3,2,'\0','\0',100000,2286,2291),(1268,4,2,'','\0',100000,2291,2292),(1269,4,2,'\0','\0',100000,2287,2292),(1270,5,2,'','\0',100000,2292,2293),(1271,6,2,'','',100000,2293,NULL),(1272,5,2,'\0','\0',100000,2288,2293),(1273,1,3,'','',100000,NULL,2294),(1274,1,3,'\0','\0',100000,2289,2294),(1275,2,3,'','\0',100000,2294,2295),(1276,2,3,'\0','\0',100000,2290,2295),(1277,3,3,'','\0',100000,2295,2296),(1278,3,3,'\0','\0',100000,2291,2296),(1279,4,3,'','\0',100000,2296,2297),(1280,4,3,'\0','\0',100000,2292,2297),(1281,5,3,'','\0',100000,2297,2298),(1282,6,3,'','',100000,2298,NULL),(1283,5,3,'\0','\0',100000,2293,2298),(1284,1,4,'','',100000,NULL,2299),(1285,1,4,'\0','\0',100000,2294,2299),(1286,2,4,'','\0',100000,2299,2300),(1287,2,4,'\0','\0',100000,2295,2300),(1288,3,4,'','\0',100000,2300,2301),(1289,3,4,'\0','\0',100000,2296,2301),(1290,4,4,'','\0',100000,2301,2302),(1291,4,4,'\0','\0',100000,2297,2302),(1292,5,4,'','\0',100000,2302,2303),(1293,6,4,'','',100000,2303,NULL),(1294,5,4,'\0','\0',100000,2298,2303),(1295,1,5,'','',100000,NULL,2304),(1296,1,5,'\0','\0',100000,2299,2304),(1297,1,6,'\0','',100000,2304,NULL),(1298,2,5,'','\0',100000,2304,2305),(1299,2,5,'\0','\0',100000,2300,2305),(1300,2,6,'\0','',100000,2305,NULL),(1301,3,5,'','\0',100000,2305,2306),(1302,3,5,'\0','\0',100000,2301,2306),(1303,3,6,'\0','',100000,2306,NULL),(1304,4,5,'','\0',100000,2306,2307),(1305,4,5,'\0','\0',100000,2302,2307),(1306,4,6,'\0','',100000,2307,NULL),(1307,5,5,'','\0',100000,2307,2308),(1308,6,5,'','',100000,2308,NULL),(1309,5,5,'\0','\0',100000,2303,2308),(1310,5,6,'\0','',100000,2308,NULL);

/*Table structure for table `StandardRoute` */

DROP TABLE IF EXISTS `StandardRoute`;

CREATE TABLE `StandardRoute` (
  `id` bigint(20) NOT NULL AUTO_INCREMENT,
  `speed` double DEFAULT NULL,
  `routeTable` varchar(1000) COLLATE utf8_bin DEFAULT NULL,
  PRIMARY KEY (`id`)
) ENGINE=InnoDB DEFAULT CHARSET=utf8 COLLATE=utf8_bin;

/*Data for the table `StandardRoute` */

/*Table structure for table `test_tb` */

DROP TABLE IF EXISTS `test_tb`;

CREATE TABLE `test_tb` (
  `id_` int(11) NOT NULL AUTO_INCREMENT,
  `name_` varchar(255) DEFAULT NULL,
  `birthday_` datetime DEFAULT NULL,
  PRIMARY KEY (`id_`)
) ENGINE=InnoDB AUTO_INCREMENT=9 DEFAULT CHARSET=utf8;

/*Data for the table `test_tb` */

/*Table structure for table `testlinkentity` */

DROP TABLE IF EXISTS `testlinkentity`;

CREATE TABLE `testlinkentity` (
  `id` bigint(20) NOT NULL AUTO_INCREMENT,
  `name` char(255) COLLATE utf8_bin DEFAULT NULL,
  PRIMARY KEY (`id`)
) ENGINE=InnoDB AUTO_INCREMENT=38 DEFAULT CHARSET=utf8 COLLATE=utf8_bin;

/*Data for the table `testlinkentity` */

insert  into `testlinkentity`(`id`,`name`) values (26,'小猫'),(27,'小猫'),(28,'小猫'),(29,'小猫'),(30,'小猫'),(31,'小猫'),(32,'小猫'),(35,'小猫'),(36,'小猫');

/*!40101 SET SQL_MODE=@OLD_SQL_MODE */;
/*!40014 SET FOREIGN_KEY_CHECKS=@OLD_FOREIGN_KEY_CHECKS */;
/*!40014 SET UNIQUE_CHECKS=@OLD_UNIQUE_CHECKS */;
/*!40111 SET SQL_NOTES=@OLD_SQL_NOTES */;
