/*
SQLyog Ultimate v11.24 (32 bit)
MySQL - 5.7.10-log : Database - its
*********************************************************************
*/

/*!40101 SET NAMES utf8 */;

/*!40101 SET SQL_MODE=''*/;

/*!40014 SET @OLD_UNIQUE_CHECKS=@@UNIQUE_CHECKS, UNIQUE_CHECKS=0 */;
/*!40014 SET @OLD_FOREIGN_KEY_CHECKS=@@FOREIGN_KEY_CHECKS, FOREIGN_KEY_CHECKS=0 */;
/*!40101 SET @OLD_SQL_MODE=@@SQL_MODE, SQL_MODE='NO_AUTO_VALUE_ON_ZERO' */;
/*!40111 SET @OLD_SQL_NOTES=@@SQL_NOTES, SQL_NOTES=0 */;
CREATE DATABASE /*!32312 IF NOT EXISTS*/`its` /*!40100 DEFAULT CHARACTER SET utf8 COLLATE utf8_bin */;

USE `its`;

/*Table structure for table `OpenRoad` */

DROP TABLE IF EXISTS `OpenRoad`;

CREATE TABLE `OpenRoad` (
  `id` bigint(20) NOT NULL AUTO_INCREMENT,
  `direction` int(11) NOT NULL,
  `number` int(11) NOT NULL,
  `road` bigint(20) NOT NULL,
  `standardArea` bigint(20) NOT NULL,
  PRIMARY KEY (`id`),
  KEY `road_fk` (`road`),
  KEY `open_area_fk` (`standardArea`),
  CONSTRAINT `open_area_fk` FOREIGN KEY (`standardArea`) REFERENCES `StandardArea` (`id`),
  CONSTRAINT `road_fk` FOREIGN KEY (`road`) REFERENCES `StandardRoad` (`id`)
) ENGINE=InnoDB DEFAULT CHARSET=utf8 COLLATE=utf8_bin;

/*Data for the table `OpenRoad` */

/*Table structure for table `StandardArea` */

DROP TABLE IF EXISTS `StandardArea`;

CREATE TABLE `StandardArea` (
  `id` bigint(20) NOT NULL AUTO_INCREMENT,
  `name` char(100) COLLATE utf8_bin NOT NULL,
  `ip` char(100) COLLATE utf8_bin NOT NULL,
  `port` int(11) NOT NULL,
  `width` double NOT NULL,
  `length` double NOT NULL,
  `roadNum` int(11) NOT NULL,
  `crossNum` int(11) NOT NULL,
  `lightNum` int(11) NOT NULL,
  PRIMARY KEY (`id`)
) ENGINE=InnoDB AUTO_INCREMENT=73 DEFAULT CHARSET=utf8 COLLATE=utf8_bin;

/*Data for the table `StandardArea` */

insert  into `StandardArea`(`id`,`name`,`ip`,`port`,`width`,`length`,`roadNum`,`crossNum`,`lightNum`) values (72,'NUM001','127.0.0.1',12200,11627.906976744183,11627.906976744183,100,16,64);

/*Table structure for table `StandardCar` */

DROP TABLE IF EXISTS `StandardCar`;

CREATE TABLE `StandardCar` (
  `id` bigint(20) NOT NULL AUTO_INCREMENT,
  `image` varchar(255) COLLATE utf8_bin DEFAULT NULL,
  `areaId` bigint(20) DEFAULT NULL,
  PRIMARY KEY (`id`)
) ENGINE=InnoDB AUTO_INCREMENT=36 DEFAULT CHARSET=utf8 COLLATE=utf8_bin;

/*Data for the table `StandardCar` */

insert  into `StandardCar`(`id`,`image`,`areaId`) values (31,'127.0.0.1:8080/center/image/a.png',72),(32,'127.0.0.1:8080/center/image/b.png',72),(33,'127.0.0.1:8080/center/image/c.png',72),(34,'127.0.0.1:8080/center/image/d.png',72),(35,'127.0.0.1:8080/center/image/e.png',72);

/*Table structure for table `StandardCross` */

DROP TABLE IF EXISTS `StandardCross`;

CREATE TABLE `StandardCross` (
  `id` bigint(20) NOT NULL AUTO_INCREMENT,
  `horizontalNum` int(11) DEFAULT NULL,
  `ordinateNum` int(11) DEFAULT NULL,
  `standardArea` bigint(20) NOT NULL,
  PRIMARY KEY (`id`),
  KEY `cross_area_fk` (`standardArea`),
  CONSTRAINT `cross_area_fk` FOREIGN KEY (`standardArea`) REFERENCES `StandardArea` (`id`)
) ENGINE=InnoDB AUTO_INCREMENT=2640 DEFAULT CHARSET=utf8 COLLATE=utf8_bin;

/*Data for the table `StandardCross` */

insert  into `StandardCross`(`id`,`horizontalNum`,`ordinateNum`,`standardArea`) values (2624,1,1,72),(2625,2,1,72),(2626,3,1,72),(2627,4,1,72),(2628,1,2,72),(2629,2,2,72),(2630,3,2,72),(2631,4,2,72),(2632,1,3,72),(2633,2,3,72),(2634,3,3,72),(2635,4,3,72),(2636,1,4,72),(2637,2,4,72),(2638,3,4,72),(2639,4,4,72);

/*Table structure for table `StandardLane` */

DROP TABLE IF EXISTS `StandardLane`;

CREATE TABLE `StandardLane` (
  `id` bigint(20) NOT NULL AUTO_INCREMENT,
  `realityLength` double DEFAULT NULL,
  `realityWidth` double DEFAULT NULL,
  `number` int(11) DEFAULT NULL,
  `standardRoad` bigint(20) DEFAULT NULL,
  PRIMARY KEY (`id`),
  KEY `lane_road_fk` (`standardRoad`),
  CONSTRAINT `lane_road_fk` FOREIGN KEY (`standardRoad`) REFERENCES `StandardRoad` (`id`)
) ENGINE=InnoDB AUTO_INCREMENT=1537 DEFAULT CHARSET=utf8 COLLATE=utf8_bin;

/*Data for the table `StandardLane` */

insert  into `StandardLane`(`id`,`realityLength`,`realityWidth`,`number`,`standardRoad`) values (1297,100000,200,-3,2047),(1298,100000,200,-2,2047),(1299,100000,200,-1,2047),(1300,100000,200,1,2047),(1301,100000,200,2,2047),(1302,100000,200,3,2047),(1303,100000,200,-3,2048),(1304,100000,200,-2,2048),(1305,100000,200,-1,2048),(1306,100000,200,1,2048),(1307,100000,200,2,2048),(1308,100000,200,3,2048),(1309,100000,200,-3,2049),(1310,100000,200,-2,2049),(1311,100000,200,-1,2049),(1312,100000,200,1,2049),(1313,100000,200,2,2049),(1314,100000,200,3,2049),(1315,100000,200,-3,2050),(1316,100000,200,-2,2050),(1317,100000,200,-1,2050),(1318,100000,200,1,2050),(1319,100000,200,2,2050),(1320,100000,200,3,2050),(1321,100000,200,-3,2051),(1322,100000,200,-2,2051),(1323,100000,200,-1,2051),(1324,100000,200,1,2051),(1325,100000,200,2,2051),(1326,100000,200,3,2051),(1327,100000,200,-3,2052),(1328,100000,200,-2,2052),(1329,100000,200,-1,2052),(1330,100000,200,1,2052),(1331,100000,200,2,2052),(1332,100000,200,3,2052),(1333,100000,200,-3,2053),(1334,100000,200,-2,2053),(1335,100000,200,-1,2053),(1336,100000,200,1,2053),(1337,100000,200,2,2053),(1338,100000,200,3,2053),(1339,100000,200,-3,2054),(1340,100000,200,-2,2054),(1341,100000,200,-1,2054),(1342,100000,200,1,2054),(1343,100000,200,2,2054),(1344,100000,200,3,2054),(1345,100000,200,-3,2055),(1346,100000,200,-2,2055),(1347,100000,200,-1,2055),(1348,100000,200,1,2055),(1349,100000,200,2,2055),(1350,100000,200,3,2055),(1351,100000,200,-3,2056),(1352,100000,200,-2,2056),(1353,100000,200,-1,2056),(1354,100000,200,1,2056),(1355,100000,200,2,2056),(1356,100000,200,3,2056),(1357,100000,200,-3,2057),(1358,100000,200,-2,2057),(1359,100000,200,-1,2057),(1360,100000,200,1,2057),(1361,100000,200,2,2057),(1362,100000,200,3,2057),(1363,100000,200,-3,2058),(1364,100000,200,-2,2058),(1365,100000,200,-1,2058),(1366,100000,200,1,2058),(1367,100000,200,2,2058),(1368,100000,200,3,2058),(1369,100000,200,-3,2059),(1370,100000,200,-2,2059),(1371,100000,200,-1,2059),(1372,100000,200,1,2059),(1373,100000,200,2,2059),(1374,100000,200,3,2059),(1375,100000,200,-3,2060),(1376,100000,200,-2,2060),(1377,100000,200,-1,2060),(1378,100000,200,1,2060),(1379,100000,200,2,2060),(1380,100000,200,3,2060),(1381,100000,200,-3,2061),(1382,100000,200,-2,2061),(1383,100000,200,-1,2061),(1384,100000,200,1,2061),(1385,100000,200,2,2061),(1386,100000,200,3,2061),(1387,100000,200,-3,2062),(1388,100000,200,-2,2062),(1389,100000,200,-1,2062),(1390,100000,200,1,2062),(1391,100000,200,2,2062),(1392,100000,200,3,2062),(1393,100000,200,-3,2063),(1394,100000,200,-2,2063),(1395,100000,200,-1,2063),(1396,100000,200,1,2063),(1397,100000,200,2,2063),(1398,100000,200,3,2063),(1399,100000,200,-3,2064),(1400,100000,200,-2,2064),(1401,100000,200,-1,2064),(1402,100000,200,1,2064),(1403,100000,200,2,2064),(1404,100000,200,3,2064),(1405,100000,200,-3,2065),(1406,100000,200,-2,2065),(1407,100000,200,-1,2065),(1408,100000,200,1,2065),(1409,100000,200,2,2065),(1410,100000,200,3,2065),(1411,100000,200,-3,2066),(1412,100000,200,-2,2066),(1413,100000,200,-1,2066),(1414,100000,200,1,2066),(1415,100000,200,2,2066),(1416,100000,200,3,2066),(1417,100000,200,-3,2067),(1418,100000,200,-2,2067),(1419,100000,200,-1,2067),(1420,100000,200,1,2067),(1421,100000,200,2,2067),(1422,100000,200,3,2067),(1423,100000,200,-3,2068),(1424,100000,200,-2,2068),(1425,100000,200,-1,2068),(1426,100000,200,1,2068),(1427,100000,200,2,2068),(1428,100000,200,3,2068),(1429,100000,200,-3,2069),(1430,100000,200,-2,2069),(1431,100000,200,-1,2069),(1432,100000,200,1,2069),(1433,100000,200,2,2069),(1434,100000,200,3,2069),(1435,100000,200,-3,2070),(1436,100000,200,-2,2070),(1437,100000,200,-1,2070),(1438,100000,200,1,2070),(1439,100000,200,2,2070),(1440,100000,200,3,2070),(1441,100000,200,-3,2071),(1442,100000,200,-2,2071),(1443,100000,200,-1,2071),(1444,100000,200,1,2071),(1445,100000,200,2,2071),(1446,100000,200,3,2071),(1447,100000,200,-3,2072),(1448,100000,200,-2,2072),(1449,100000,200,-1,2072),(1450,100000,200,1,2072),(1451,100000,200,2,2072),(1452,100000,200,3,2072),(1453,100000,200,-3,2073),(1454,100000,200,-2,2073),(1455,100000,200,-1,2073),(1456,100000,200,1,2073),(1457,100000,200,2,2073),(1458,100000,200,3,2073),(1459,100000,200,-3,2074),(1460,100000,200,-2,2074),(1461,100000,200,-1,2074),(1462,100000,200,1,2074),(1463,100000,200,2,2074),(1464,100000,200,3,2074),(1465,100000,200,-3,2075),(1466,100000,200,-2,2075),(1467,100000,200,-1,2075),(1468,100000,200,1,2075),(1469,100000,200,2,2075),(1470,100000,200,3,2075),(1471,100000,200,-3,2076),(1472,100000,200,-2,2076),(1473,100000,200,-1,2076),(1474,100000,200,1,2076),(1475,100000,200,2,2076),(1476,100000,200,3,2076),(1477,100000,200,-3,2077),(1478,100000,200,-2,2077),(1479,100000,200,-1,2077),(1480,100000,200,1,2077),(1481,100000,200,2,2077),(1482,100000,200,3,2077),(1483,100000,200,-3,2078),(1484,100000,200,-2,2078),(1485,100000,200,-1,2078),(1486,100000,200,1,2078),(1487,100000,200,2,2078),(1488,100000,200,3,2078),(1489,100000,200,-3,2079),(1490,100000,200,-2,2079),(1491,100000,200,-1,2079),(1492,100000,200,1,2079),(1493,100000,200,2,2079),(1494,100000,200,3,2079),(1495,100000,200,-3,2080),(1496,100000,200,-2,2080),(1497,100000,200,-1,2080),(1498,100000,200,1,2080),(1499,100000,200,2,2080),(1500,100000,200,3,2080),(1501,100000,200,-3,2081),(1502,100000,200,-2,2081),(1503,100000,200,-1,2081),(1504,100000,200,1,2081),(1505,100000,200,2,2081),(1506,100000,200,3,2081),(1507,100000,200,-3,2082),(1508,100000,200,-2,2082),(1509,100000,200,-1,2082),(1510,100000,200,1,2082),(1511,100000,200,2,2082),(1512,100000,200,3,2082),(1513,100000,200,-3,2083),(1514,100000,200,-2,2083),(1515,100000,200,-1,2083),(1516,100000,200,1,2083),(1517,100000,200,2,2083),(1518,100000,200,3,2083),(1519,100000,200,-3,2084),(1520,100000,200,-2,2084),(1521,100000,200,-1,2084),(1522,100000,200,1,2084),(1523,100000,200,2,2084),(1524,100000,200,3,2084),(1525,100000,200,-3,2085),(1526,100000,200,-2,2085),(1527,100000,200,-1,2085),(1528,100000,200,1,2085),(1529,100000,200,2,2085),(1530,100000,200,3,2085),(1531,100000,200,-3,2086),(1532,100000,200,-2,2086),(1533,100000,200,-1,2086),(1534,100000,200,1,2086),(1535,100000,200,2,2086),(1536,100000,200,3,2086);

/*Table structure for table `StandardLight` */

DROP TABLE IF EXISTS `StandardLight`;

CREATE TABLE `StandardLight` (
  `id` bigint(20) NOT NULL AUTO_INCREMENT,
  `size` double DEFAULT NULL,
  `lightState` int(11) DEFAULT NULL,
  `centerX` double DEFAULT NULL,
  `centerY` double DEFAULT NULL,
  `red` double DEFAULT NULL,
  `green` double DEFAULT NULL,
  `standardCross` bigint(20) DEFAULT NULL,
  `direction` int(11) DEFAULT NULL,
  PRIMARY KEY (`id`),
  KEY `light_cross_fk` (`standardCross`),
  CONSTRAINT `light_cross_fk` FOREIGN KEY (`standardCross`) REFERENCES `StandardCross` (`id`)
) ENGINE=InnoDB AUTO_INCREMENT=425 DEFAULT CHARSET=utf8 COLLATE=utf8_bin;

/*Data for the table `StandardLight` */

insert  into `StandardLight`(`id`,`size`,`lightState`,`centerX`,`centerY`,`red`,`green`,`standardCross`,`direction`) values (361,9.30232558139535,0,2325.581395348837,2311.627906976744,70000,70000,2624,1),(362,9.30232558139535,0,2325.581395348837,2339.53488372093,70000,70000,2624,2),(363,9.30232558139535,1,2311.627906976744,2325.581395348837,70000,70000,2624,3),(364,9.30232558139535,1,2339.53488372093,2325.581395348837,70000,70000,2624,4),(365,9.30232558139535,0,4651.162790697674,2311.627906976744,70000,70000,2625,1),(366,9.30232558139535,0,4651.162790697674,2339.53488372093,70000,70000,2625,2),(367,9.30232558139535,1,4637.209302325581,2325.581395348837,70000,70000,2625,3),(368,9.30232558139535,1,4665.116279069766,2325.581395348837,70000,70000,2625,4),(369,9.30232558139535,0,6976.744186046511,2311.627906976744,70000,70000,2626,1),(370,9.30232558139535,0,6976.744186046511,2339.53488372093,70000,70000,2626,2),(371,9.30232558139535,1,6962.790697674418,2325.581395348837,70000,70000,2626,3),(372,9.30232558139535,1,6990.697674418603,2325.581395348837,70000,70000,2626,4),(373,9.30232558139535,0,9302.325581395347,2311.627906976744,70000,70000,2627,1),(374,9.30232558139535,0,9302.325581395347,2339.53488372093,70000,70000,2627,2),(375,9.30232558139535,1,9288.372093023254,2325.581395348837,70000,70000,2627,3),(376,9.30232558139535,1,9316.27906976744,2325.581395348837,70000,70000,2627,4),(377,9.30232558139535,0,2325.581395348837,4637.209302325581,70000,70000,2628,1),(378,9.30232558139535,0,2325.581395348837,4665.116279069766,70000,70000,2628,2),(379,9.30232558139535,1,2311.627906976744,4651.162790697674,70000,70000,2628,3),(380,9.30232558139535,1,2339.53488372093,4651.162790697674,70000,70000,2628,4),(381,9.30232558139535,0,4651.162790697674,4637.209302325581,70000,70000,2629,1),(382,9.30232558139535,0,4651.162790697674,4665.116279069766,70000,70000,2629,2),(383,9.30232558139535,1,4637.209302325581,4651.162790697674,70000,70000,2629,3),(384,9.30232558139535,1,4665.116279069766,4651.162790697674,70000,70000,2629,4),(385,9.30232558139535,0,6976.744186046511,4637.209302325581,70000,70000,2630,1),(386,9.30232558139535,0,6976.744186046511,4665.116279069766,70000,70000,2630,2),(387,9.30232558139535,1,6962.790697674418,4651.162790697674,70000,70000,2630,3),(388,9.30232558139535,1,6990.697674418603,4651.162790697674,70000,70000,2630,4),(389,9.30232558139535,0,9302.325581395347,4637.209302325581,70000,70000,2631,1),(390,9.30232558139535,0,9302.325581395347,4665.116279069766,70000,70000,2631,2),(391,9.30232558139535,1,9288.372093023254,4651.162790697674,70000,70000,2631,3),(392,9.30232558139535,1,9316.27906976744,4651.162790697674,70000,70000,2631,4),(393,9.30232558139535,0,2325.581395348837,6962.790697674418,70000,70000,2632,1),(394,9.30232558139535,0,2325.581395348837,6990.697674418603,70000,70000,2632,2),(395,9.30232558139535,1,2311.627906976744,6976.744186046511,70000,70000,2632,3),(396,9.30232558139535,1,2339.53488372093,6976.744186046511,70000,70000,2632,4),(397,9.30232558139535,0,4651.162790697674,6962.790697674418,70000,70000,2633,1),(398,9.30232558139535,0,4651.162790697674,6990.697674418603,70000,70000,2633,2),(399,9.30232558139535,1,4637.209302325581,6976.744186046511,70000,70000,2633,3),(400,9.30232558139535,1,4665.116279069766,6976.744186046511,70000,70000,2633,4),(401,9.30232558139535,0,6976.744186046511,6962.790697674418,70000,70000,2634,1),(402,9.30232558139535,0,6976.744186046511,6990.697674418603,70000,70000,2634,2),(403,9.30232558139535,1,6962.790697674418,6976.744186046511,70000,70000,2634,3),(404,9.30232558139535,1,6990.697674418603,6976.744186046511,70000,70000,2634,4),(405,9.30232558139535,0,9302.325581395347,6962.790697674418,70000,70000,2635,1),(406,9.30232558139535,0,9302.325581395347,6990.697674418603,70000,70000,2635,2),(407,9.30232558139535,1,9288.372093023254,6976.744186046511,70000,70000,2635,3),(408,9.30232558139535,1,9316.27906976744,6976.744186046511,70000,70000,2635,4),(409,9.30232558139535,0,2325.581395348837,9288.372093023254,70000,70000,2636,1),(410,9.30232558139535,0,2325.581395348837,9316.27906976744,70000,70000,2636,2),(411,9.30232558139535,1,2311.627906976744,9302.325581395347,70000,70000,2636,3),(412,9.30232558139535,1,2339.53488372093,9302.325581395347,70000,70000,2636,4),(413,9.30232558139535,0,4651.162790697674,9288.372093023254,70000,70000,2637,1),(414,9.30232558139535,0,4651.162790697674,9316.27906976744,70000,70000,2637,2),(415,9.30232558139535,1,4637.209302325581,9302.325581395347,70000,70000,2637,3),(416,9.30232558139535,1,4665.116279069766,9302.325581395347,70000,70000,2637,4),(417,9.30232558139535,0,6976.744186046511,9288.372093023254,70000,70000,2638,1),(418,9.30232558139535,0,6976.744186046511,9316.27906976744,70000,70000,2638,2),(419,9.30232558139535,1,6962.790697674418,9302.325581395347,70000,70000,2638,3),(420,9.30232558139535,1,6990.697674418603,9302.325581395347,70000,70000,2638,4),(421,9.30232558139535,0,9302.325581395347,9288.372093023254,70000,70000,2639,1),(422,9.30232558139535,0,9302.325581395347,9316.27906976744,70000,70000,2639,2),(423,9.30232558139535,1,9288.372093023254,9302.325581395347,70000,70000,2639,3),(424,9.30232558139535,1,9316.27906976744,9302.325581395347,70000,70000,2639,4);

/*Table structure for table `StandardRoad` */

DROP TABLE IF EXISTS `StandardRoad`;

CREATE TABLE `StandardRoad` (
  `id` bigint(20) NOT NULL AUTO_INCREMENT,
  `horizontalNum` int(11) NOT NULL,
  `ordinateNum` int(11) NOT NULL,
  `horizontal` bit(1) NOT NULL,
  `open` bit(1) NOT NULL,
  `realityLength` double DEFAULT NULL,
  `oneCross` bigint(20) DEFAULT NULL,
  `otherCross` bigint(20) DEFAULT NULL,
  PRIMARY KEY (`id`),
  KEY `road_onecross` (`oneCross`),
  KEY `road_othercross` (`otherCross`),
  CONSTRAINT `road_onecross` FOREIGN KEY (`oneCross`) REFERENCES `StandardCross` (`id`),
  CONSTRAINT `road_othercross` FOREIGN KEY (`otherCross`) REFERENCES `StandardCross` (`id`)
) ENGINE=InnoDB AUTO_INCREMENT=2087 DEFAULT CHARSET=utf8 COLLATE=utf8_bin;

/*Data for the table `StandardRoad` */

insert  into `StandardRoad`(`id`,`horizontalNum`,`ordinateNum`,`horizontal`,`open`,`realityLength`,`oneCross`,`otherCross`) values (2047,1,1,'','',100000,NULL,2624),(2048,1,1,'\0','',100000,NULL,2624),(2049,2,1,'','\0',100000,2624,2625),(2050,2,1,'\0','',100000,NULL,2625),(2051,3,1,'','\0',100000,2625,2626),(2052,3,1,'\0','',100000,NULL,2626),(2053,4,1,'','\0',100000,2626,2627),(2054,5,1,'','',100000,2627,NULL),(2055,4,1,'\0','',100000,NULL,2627),(2056,1,2,'','',100000,NULL,2628),(2057,1,2,'\0','\0',100000,2624,2628),(2058,2,2,'','\0',100000,2628,2629),(2059,2,2,'\0','\0',100000,2625,2629),(2060,3,2,'','\0',100000,2629,2630),(2061,3,2,'\0','\0',100000,2626,2630),(2062,4,2,'','\0',100000,2630,2631),(2063,5,2,'','',100000,2631,NULL),(2064,4,2,'\0','\0',100000,2627,2631),(2065,1,3,'','',100000,NULL,2632),(2066,1,3,'\0','\0',100000,2628,2632),(2067,2,3,'','\0',100000,2632,2633),(2068,2,3,'\0','\0',100000,2629,2633),(2069,3,3,'','\0',100000,2633,2634),(2070,3,3,'\0','\0',100000,2630,2634),(2071,4,3,'','\0',100000,2634,2635),(2072,5,3,'','',100000,2635,NULL),(2073,4,3,'\0','\0',100000,2631,2635),(2074,1,4,'','',100000,NULL,2636),(2075,1,4,'\0','\0',100000,2632,2636),(2076,1,5,'\0','',100000,2636,NULL),(2077,2,4,'','\0',100000,2636,2637),(2078,2,4,'\0','\0',100000,2633,2637),(2079,2,5,'\0','',100000,2637,NULL),(2080,3,4,'','\0',100000,2637,2638),(2081,3,4,'\0','\0',100000,2634,2638),(2082,3,5,'\0','',100000,2638,NULL),(2083,4,4,'','\0',100000,2638,2639),(2084,5,4,'','',100000,2639,NULL),(2085,4,4,'\0','\0',100000,2635,2639),(2086,4,5,'\0','',100000,2639,NULL);

/*Table structure for table `StandardRoute` */

DROP TABLE IF EXISTS `StandardRoute`;

CREATE TABLE `StandardRoute` (
  `id` bigint(20) NOT NULL AUTO_INCREMENT,
  `speed` double DEFAULT NULL,
  `routeTable` varchar(1000) COLLATE utf8_bin DEFAULT NULL,
  `areaId` bigint(20) DEFAULT NULL,
  PRIMARY KEY (`id`)
) ENGINE=InnoDB AUTO_INCREMENT=1189 DEFAULT CHARSET=utf8 COLLATE=utf8_bin;

/*Data for the table `StandardRoute` */

insert  into `StandardRoute`(`id`,`speed`,`routeTable`,`areaId`) values (1061,833.33,'H|1|1,H|1|2,H|1|3,H|1|4,H|1|5',72),(1062,833.33,'H|1|5,H|1|4,H|1|3,H|1|2,H|1|1',72),(1063,1111.11,'H|1|1,H|1|2,H|1|3,H|1|4,H|1|5',72),(1064,1111.11,'H|1|5,H|1|4,H|1|3,H|1|2,H|1|1',72),(1065,1388.89,'H|1|1,H|1|2,H|1|3,H|1|4,H|1|5',72),(1066,1388.89,'H|1|5,H|1|4,H|1|3,H|1|2,H|1|1',72),(1067,1666.67,'H|1|1,H|1|2,H|1|3,H|1|4,H|1|5',72),(1068,1666.67,'H|1|5,H|1|4,H|1|3,H|1|2,H|1|1',72),(1069,1944.44,'H|1|1,H|1|2,H|1|3,H|1|4,H|1|5',72),(1070,1944.44,'H|1|5,H|1|4,H|1|3,H|1|2,H|1|1',72),(1071,2222.22,'H|1|1,H|1|2,H|1|3,H|1|4,H|1|5',72),(1072,2222.22,'H|1|5,H|1|4,H|1|3,H|1|2,H|1|1',72),(1073,2500,'H|1|1,H|1|2,H|1|3,H|1|4,H|1|5',72),(1074,2500,'H|1|5,H|1|4,H|1|3,H|1|2,H|1|1',72),(1075,2777.78,'H|1|1,H|1|2,H|1|3,H|1|4,H|1|5',72),(1076,2777.78,'H|1|5,H|1|4,H|1|3,H|1|2,H|1|1',72),(1077,833.33,'H|2|1,H|2|2,H|2|3,H|2|4,H|2|5',72),(1078,833.33,'H|2|5,H|2|4,H|2|3,H|2|2,H|2|1',72),(1079,1111.11,'H|2|1,H|2|2,H|2|3,H|2|4,H|2|5',72),(1080,1111.11,'H|2|5,H|2|4,H|2|3,H|2|2,H|2|1',72),(1081,1388.89,'H|2|1,H|2|2,H|2|3,H|2|4,H|2|5',72),(1082,1388.89,'H|2|5,H|2|4,H|2|3,H|2|2,H|2|1',72),(1083,1666.67,'H|2|1,H|2|2,H|2|3,H|2|4,H|2|5',72),(1084,1666.67,'H|2|5,H|2|4,H|2|3,H|2|2,H|2|1',72),(1085,1944.44,'H|2|1,H|2|2,H|2|3,H|2|4,H|2|5',72),(1086,1944.44,'H|2|5,H|2|4,H|2|3,H|2|2,H|2|1',72),(1087,2222.22,'H|2|1,H|2|2,H|2|3,H|2|4,H|2|5',72),(1088,2222.22,'H|2|5,H|2|4,H|2|3,H|2|2,H|2|1',72),(1089,2500,'H|2|1,H|2|2,H|2|3,H|2|4,H|2|5',72),(1090,2500,'H|2|5,H|2|4,H|2|3,H|2|2,H|2|1',72),(1091,2777.78,'H|2|1,H|2|2,H|2|3,H|2|4,H|2|5',72),(1092,2777.78,'H|2|5,H|2|4,H|2|3,H|2|2,H|2|1',72),(1093,833.33,'H|3|1,H|3|2,H|3|3,H|3|4,H|3|5',72),(1094,833.33,'H|3|5,H|3|4,H|3|3,H|3|2,H|3|1',72),(1095,1111.11,'H|3|1,H|3|2,H|3|3,H|3|4,H|3|5',72),(1096,1111.11,'H|3|5,H|3|4,H|3|3,H|3|2,H|3|1',72),(1097,1388.89,'H|3|1,H|3|2,H|3|3,H|3|4,H|3|5',72),(1098,1388.89,'H|3|5,H|3|4,H|3|3,H|3|2,H|3|1',72),(1099,1666.67,'H|3|1,H|3|2,H|3|3,H|3|4,H|3|5',72),(1100,1666.67,'H|3|5,H|3|4,H|3|3,H|3|2,H|3|1',72),(1101,1944.44,'H|3|1,H|3|2,H|3|3,H|3|4,H|3|5',72),(1102,1944.44,'H|3|5,H|3|4,H|3|3,H|3|2,H|3|1',72),(1103,2222.22,'H|3|1,H|3|2,H|3|3,H|3|4,H|3|5',72),(1104,2222.22,'H|3|5,H|3|4,H|3|3,H|3|2,H|3|1',72),(1105,2500,'H|3|1,H|3|2,H|3|3,H|3|4,H|3|5',72),(1106,2500,'H|3|5,H|3|4,H|3|3,H|3|2,H|3|1',72),(1107,2777.78,'H|3|1,H|3|2,H|3|3,H|3|4,H|3|5',72),(1108,2777.78,'H|3|5,H|3|4,H|3|3,H|3|2,H|3|1',72),(1109,833.33,'H|4|1,H|4|2,H|4|3,H|4|4,H|4|5',72),(1110,833.33,'H|4|5,H|4|4,H|4|3,H|4|2,H|4|1',72),(1111,1111.11,'H|4|1,H|4|2,H|4|3,H|4|4,H|4|5',72),(1112,1111.11,'H|4|5,H|4|4,H|4|3,H|4|2,H|4|1',72),(1113,1388.89,'H|4|1,H|4|2,H|4|3,H|4|4,H|4|5',72),(1114,1388.89,'H|4|5,H|4|4,H|4|3,H|4|2,H|4|1',72),(1115,1666.67,'H|4|1,H|4|2,H|4|3,H|4|4,H|4|5',72),(1116,1666.67,'H|4|5,H|4|4,H|4|3,H|4|2,H|4|1',72),(1117,1944.44,'H|4|1,H|4|2,H|4|3,H|4|4,H|4|5',72),(1118,1944.44,'H|4|5,H|4|4,H|4|3,H|4|2,H|4|1',72),(1119,2222.22,'H|4|1,H|4|2,H|4|3,H|4|4,H|4|5',72),(1120,2222.22,'H|4|5,H|4|4,H|4|3,H|4|2,H|4|1',72),(1121,2500,'H|4|1,H|4|2,H|4|3,H|4|4,H|4|5',72),(1122,2500,'H|4|5,H|4|4,H|4|3,H|4|2,H|4|1',72),(1123,2777.78,'H|4|1,H|4|2,H|4|3,H|4|4,H|4|5',72),(1124,2777.78,'H|4|5,H|4|4,H|4|3,H|4|2,H|4|1',72),(1125,833.33,'N|1|1,N|2|1,N|3|1,N|4|1,N|5|1',72),(1126,833.33,'N|5|1,N|4|1,N|3|1,N|2|1,N|1|1',72),(1127,1111.11,'N|1|1,N|2|1,N|3|1,N|4|1,N|5|1',72),(1128,1111.11,'N|5|1,N|4|1,N|3|1,N|2|1,N|1|1',72),(1129,1388.89,'N|1|1,N|2|1,N|3|1,N|4|1,N|5|1',72),(1130,1388.89,'N|5|1,N|4|1,N|3|1,N|2|1,N|1|1',72),(1131,1666.67,'N|1|1,N|2|1,N|3|1,N|4|1,N|5|1',72),(1132,1666.67,'N|5|1,N|4|1,N|3|1,N|2|1,N|1|1',72),(1133,1944.44,'N|1|1,N|2|1,N|3|1,N|4|1,N|5|1',72),(1134,1944.44,'N|5|1,N|4|1,N|3|1,N|2|1,N|1|1',72),(1135,2222.22,'N|1|1,N|2|1,N|3|1,N|4|1,N|5|1',72),(1136,2222.22,'N|5|1,N|4|1,N|3|1,N|2|1,N|1|1',72),(1137,2500,'N|1|1,N|2|1,N|3|1,N|4|1,N|5|1',72),(1138,2500,'N|5|1,N|4|1,N|3|1,N|2|1,N|1|1',72),(1139,2777.78,'N|1|1,N|2|1,N|3|1,N|4|1,N|5|1',72),(1140,2777.78,'N|5|1,N|4|1,N|3|1,N|2|1,N|1|1',72),(1141,833.33,'N|1|2,N|2|2,N|3|2,N|4|2,N|5|2',72),(1142,833.33,'N|5|2,N|4|2,N|3|2,N|2|2,N|1|2',72),(1143,1111.11,'N|1|2,N|2|2,N|3|2,N|4|2,N|5|2',72),(1144,1111.11,'N|5|2,N|4|2,N|3|2,N|2|2,N|1|2',72),(1145,1388.89,'N|1|2,N|2|2,N|3|2,N|4|2,N|5|2',72),(1146,1388.89,'N|5|2,N|4|2,N|3|2,N|2|2,N|1|2',72),(1147,1666.67,'N|1|2,N|2|2,N|3|2,N|4|2,N|5|2',72),(1148,1666.67,'N|5|2,N|4|2,N|3|2,N|2|2,N|1|2',72),(1149,1944.44,'N|1|2,N|2|2,N|3|2,N|4|2,N|5|2',72),(1150,1944.44,'N|5|2,N|4|2,N|3|2,N|2|2,N|1|2',72),(1151,2222.22,'N|1|2,N|2|2,N|3|2,N|4|2,N|5|2',72),(1152,2222.22,'N|5|2,N|4|2,N|3|2,N|2|2,N|1|2',72),(1153,2500,'N|1|2,N|2|2,N|3|2,N|4|2,N|5|2',72),(1154,2500,'N|5|2,N|4|2,N|3|2,N|2|2,N|1|2',72),(1155,2777.78,'N|1|2,N|2|2,N|3|2,N|4|2,N|5|2',72),(1156,2777.78,'N|5|2,N|4|2,N|3|2,N|2|2,N|1|2',72),(1157,833.33,'N|1|3,N|2|3,N|3|3,N|4|3,N|5|3',72),(1158,833.33,'N|5|3,N|4|3,N|3|3,N|2|3,N|1|3',72),(1159,1111.11,'N|1|3,N|2|3,N|3|3,N|4|3,N|5|3',72),(1160,1111.11,'N|5|3,N|4|3,N|3|3,N|2|3,N|1|3',72),(1161,1388.89,'N|1|3,N|2|3,N|3|3,N|4|3,N|5|3',72),(1162,1388.89,'N|5|3,N|4|3,N|3|3,N|2|3,N|1|3',72),(1163,1666.67,'N|1|3,N|2|3,N|3|3,N|4|3,N|5|3',72),(1164,1666.67,'N|5|3,N|4|3,N|3|3,N|2|3,N|1|3',72),(1165,1944.44,'N|1|3,N|2|3,N|3|3,N|4|3,N|5|3',72),(1166,1944.44,'N|5|3,N|4|3,N|3|3,N|2|3,N|1|3',72),(1167,2222.22,'N|1|3,N|2|3,N|3|3,N|4|3,N|5|3',72),(1168,2222.22,'N|5|3,N|4|3,N|3|3,N|2|3,N|1|3',72),(1169,2500,'N|1|3,N|2|3,N|3|3,N|4|3,N|5|3',72),(1170,2500,'N|5|3,N|4|3,N|3|3,N|2|3,N|1|3',72),(1171,2777.78,'N|1|3,N|2|3,N|3|3,N|4|3,N|5|3',72),(1172,2777.78,'N|5|3,N|4|3,N|3|3,N|2|3,N|1|3',72),(1173,833.33,'N|1|4,N|2|4,N|3|4,N|4|4,N|5|4',72),(1174,833.33,'N|5|4,N|4|4,N|3|4,N|2|4,N|1|4',72),(1175,1111.11,'N|1|4,N|2|4,N|3|4,N|4|4,N|5|4',72),(1176,1111.11,'N|5|4,N|4|4,N|3|4,N|2|4,N|1|4',72),(1177,1388.89,'N|1|4,N|2|4,N|3|4,N|4|4,N|5|4',72),(1178,1388.89,'N|5|4,N|4|4,N|3|4,N|2|4,N|1|4',72),(1179,1666.67,'N|1|4,N|2|4,N|3|4,N|4|4,N|5|4',72),(1180,1666.67,'N|5|4,N|4|4,N|3|4,N|2|4,N|1|4',72),(1181,1944.44,'N|1|4,N|2|4,N|3|4,N|4|4,N|5|4',72),(1182,1944.44,'N|5|4,N|4|4,N|3|4,N|2|4,N|1|4',72),(1183,2222.22,'N|1|4,N|2|4,N|3|4,N|4|4,N|5|4',72),(1184,2222.22,'N|5|4,N|4|4,N|3|4,N|2|4,N|1|4',72),(1185,2500,'N|1|4,N|2|4,N|3|4,N|4|4,N|5|4',72),(1186,2500,'N|5|4,N|4|4,N|3|4,N|2|4,N|1|4',72),(1187,2777.78,'N|1|4,N|2|4,N|3|4,N|4|4,N|5|4',72),(1188,2777.78,'N|5|4,N|4|4,N|3|4,N|2|4,N|1|4',72);

/*Table structure for table `test_tb` */

DROP TABLE IF EXISTS `test_tb`;

CREATE TABLE `test_tb` (
  `id_` int(11) NOT NULL AUTO_INCREMENT,
  `name_` varchar(255) DEFAULT NULL,
  `birthday_` datetime DEFAULT NULL,
  PRIMARY KEY (`id_`)
) ENGINE=InnoDB DEFAULT CHARSET=utf8;

/*Data for the table `test_tb` */

/*Table structure for table `testlinkentity` */

DROP TABLE IF EXISTS `testlinkentity`;

CREATE TABLE `testlinkentity` (
  `id` bigint(20) NOT NULL AUTO_INCREMENT,
  `name` char(255) COLLATE utf8_bin DEFAULT NULL,
  PRIMARY KEY (`id`)
) ENGINE=InnoDB AUTO_INCREMENT=42 DEFAULT CHARSET=utf8 COLLATE=utf8_bin;

/*Data for the table `testlinkentity` */

insert  into `testlinkentity`(`id`,`name`) values (41,'小虫');

/*!40101 SET SQL_MODE=@OLD_SQL_MODE */;
/*!40014 SET FOREIGN_KEY_CHECKS=@OLD_FOREIGN_KEY_CHECKS */;
/*!40014 SET UNIQUE_CHECKS=@OLD_UNIQUE_CHECKS */;
/*!40111 SET SQL_NOTES=@OLD_SQL_NOTES */;
